{
    "@metadata": {
        "authors": [
            "Minisarm"
        ]
    },
    "VARIABLES_DEFAULT_NAME": "element",
    "DUPLICATE_BLOCK": "Duplicati",
    "ADD_COMMENT": "Adaugă un comentariu",
    "REMOVE_COMMENT": "Elimină comentariu",
    "EXTERNAL_INPUTS": "Intrări Externe",
    "INLINE_INPUTS": "Intrari de Linie",
    "DELETE_BLOCK": "Șterge Bloc",
    "DELETE_X_BLOCKS": "Ștergeți %1 Blocuri",
    "COLLAPSE_BLOCK": "Restrange blocul",
    "COLLAPSE_ALL": "Restrange blocurile",
    "EXPAND_BLOCK": "Extinde bloc",
    "EXPAND_ALL": "Extinde blocuri",
    "DISABLE_BLOCK": "Dezactivaţi bloc",
    "ENABLE_BLOCK": "Permite bloc",
    "HELP": "Ajutor",
    "CHAT": "Discută cu colaboratorul tău tastând în cadrul acestei zone!",
    "CHANGE_VALUE_TITLE": "Schimbaţi valoarea:",
    "NEW_VARIABLE": "Variabilă nouă...",
    "NEW_VARIABLE_TITLE": "Noul nume de variabilă:",
    "RENAME_VARIABLE": "Redenumirea variabilei...",
    "RENAME_VARIABLE_TITLE": "Redenumeşte toate variabilele '%1' în:",
    "COLOUR_PICKER_HELPURL": "https://ro.wikipedia.org/wiki/Culoare",
    "COLOUR_PICKER_TOOLTIP": "Alege o culoare din paleta de culori.",
    "COLOUR_RANDOM_TITLE": "culoare aleatorie",
    "COLOUR_RANDOM_TOOLTIP": "Alege o culoare la întâmplare.",
    "COLOUR_RGB_HELPURL": "http://www.december.com/html/spec/colorper.html",
    "COLOUR_RGB_TITLE": "colorează cu",
    "COLOUR_RGB_RED": "roşu",
    "COLOUR_RGB_GREEN": "verde",
    "COLOUR_RGB_BLUE": "albastru",
    "COLOUR_RGB_TOOLTIP": "Creează o culoare cu suma specificată de roşu, verde şi albastru.  Toate valorile trebuie să fie între 0 şi 100.",
    "COLOUR_BLEND_HELPURL": "http://meyerweb.com/eric/tools/color-blend/",
    "COLOUR_BLEND_TITLE": "amestec",
    "COLOUR_BLEND_COLOUR1": "culoare 1",
    "COLOUR_BLEND_COLOUR2": "culoare 2",
    "COLOUR_BLEND_RATIO": "Raport",
    "COLOUR_BLEND_TOOLTIP": "Amestecă două culori cu un raport dat (0.0 - 1.0).",
    "CONTROLS_REPEAT_HELPURL": "https://en.wikipedia.org/wiki/For_loop",
    "CONTROLS_REPEAT_TITLE": "repetă de %1 ori",
    "CONTROLS_REPEAT_TITLE_REPEAT": "repetă",
    "CONTROLS_REPEAT_TITLE_TIMES": "ori",
    "CONTROLS_REPEAT_INPUT_DO": "fă",
    "CONTROLS_REPEAT_TOOLTIP": "Face unele afirmaţii de mai multe ori.",
    "CONTROLS_WHILEUNTIL_HELPURL": "http://code.google.com/p/blockly/wiki/Repeat",
    "CONTROLS_WHILEUNTIL_OPERATOR_WHILE": "repetă în timp ce",
    "CONTROLS_WHILEUNTIL_OPERATOR_UNTIL": "Repetaţi până când",
    "CONTROLS_WHILEUNTIL_TOOLTIP_WHILE": "În timp ce o valoare este adevărat, atunci face unele declaraţii.",
    "CONTROLS_WHILEUNTIL_TOOLTIP_UNTIL": "În timp ce o valoare este adevărat, atunci face unele declaraţii.",
    "CONTROLS_FOR_HELPURL": "https://code.google.com/p/blockly/wiki/Loops#count_with",
    "CONTROLS_FOR_TOOLTIP": "Cu variablia %1 ia o valoare din numărul început la numărul final, numara in intervalul specificat, apoi face blocurile specificate.",
    "CONTROLS_FOR_INPUT_WITH": "numără cu",
    "CONTROLS_FOR_INPUT_FROM_TO_BY": "de la %1 la %2 prin %3",
    "CONTROLS_FOREACH_HELPURL": "https://code.google.com/p/blockly/wiki/Loops#for_each for each block",
    "CONTROLS_FOREACH_INPUT_ITEM": "pentru fiecare element",
    "CONTROLS_FOREACH_INPUT_INLIST": "în listă",
    "CONTROLS_FOREACH_TOOLTIP": "Pentru fiecare element din listă, setaţi variabila '%1' ca valoarea elementului, şi apoi faceţi unele declaraţii.",
    "CONTROLS_FLOW_STATEMENTS_HELPURL": "https://code.google.com/p/blockly/wiki/Loops#Loop_Termination_Blocks",
    "CONTROLS_FLOW_STATEMENTS_OPERATOR_BREAK": "ieşi din bucla",
    "CONTROLS_FLOW_STATEMENTS_OPERATOR_CONTINUE": "continuă cu următoarea iterație a buclei",
    "CONTROLS_FLOW_STATEMENTS_TOOLTIP_BREAK": "Ieși din bucla care conţine.",
    "CONTROLS_FLOW_STATEMENTS_TOOLTIP_CONTINUE": "Sari peste restul aceastei bucle, şi continuă cu urmatoarea iteratie.",
    "CONTROLS_FLOW_STATEMENTS_WARNING": "Avertisment: Acest bloc pote fi utilizat numai în interiorul unei bucle.",
    "CONTROLS_IF_HELPURL": "http://code.google.com/p/blockly/wiki/If_Then",
    "CONTROLS_IF_TOOLTIP_1": "Dacă o valoare este adevărată, atunci fa unele declaraţii.",
    "CONTROLS_IF_TOOLTIP_2": "Dacă o valoare este adevărat, atunci face primul bloc de declaraţii.  Altfel, face al doilea bloc de declaraţii.",
    "CONTROLS_IF_TOOLTIP_3": "Dacă prima valoare este adevărat, atunci face primul bloc de declaraţii.  Altfel, dacă a doua valoare este adevărat, face al doilea bloc de declaraţii.",
    "CONTROLS_IF_TOOLTIP_4": "Dacă prima valoare este adevărat, atunci face primul bloc de declaraţii.  Altfel, dacă a doua valoare este adevărat, face al doilea bloc de declaraţii.  În cazul în care niciuna din  valorilor nu este adevărat, face ultimul bloc de declaraţii.",
    "CONTROLS_IF_MSG_IF": "dacă",
    "CONTROLS_IF_MSG_ELSEIF": "altfel dacă",
    "CONTROLS_IF_MSG_ELSE": "altfel",
    "CONTROLS_IF_IF_TOOLTIP": "Adaugă, elimină sau reordonează secţiuni pentru a reconfigura acest bloc if.",
    "CONTROLS_IF_ELSEIF_TOOLTIP": "Adăugaţi o condiţie in blocul if.",
    "CONTROLS_IF_ELSE_TOOLTIP": "Adauga o stare finala, cuprinde toata conditia din blocul if.",
    "LOGIC_COMPARE_HELPURL": "https://en.wikipedia.org/wiki/Inequality_(mathematics)",
    "LOGIC_COMPARE_TOOLTIP_EQ": "Returnează adevărat dacă ambele intrări sunt egale.",
    "LOGIC_COMPARE_TOOLTIP_NEQ": "Returnează adevărat daca cele două intrări nu sunt egale.",
    "LOGIC_COMPARE_TOOLTIP_LT": "Returnează adevărat dacă prima intrare este mai mică decât a doua intrare.",
    "LOGIC_COMPARE_TOOLTIP_LTE": "Returnează adevărat dacă prima intrare este mai mică sau egală cu a doua intrare.",
    "LOGIC_COMPARE_TOOLTIP_GT": "Returnează adevărat dacă prima intrare este mai mare decât a doua intrare.",
    "LOGIC_COMPARE_TOOLTIP_GTE": "Returnează adevărat dacă prima intrare este mai mare sau egală cu a doua intrare.",
    "LOGIC_OPERATION_HELPURL": "http://code.google.com/p/blockly/wiki/And_Or",
    "LOGIC_OPERATION_TOOLTIP_AND": "Returnează adevărat daca ambele intrări sunt adevărate.",
    "LOGIC_OPERATION_AND": "şi",
    "LOGIC_OPERATION_TOOLTIP_OR": "Returnează adevărat dacă cel puţin una din intrări este adevărată.",
    "LOGIC_OPERATION_OR": "sau",
    "LOGIC_NEGATE_HELPURL": "http://code.google.com/p/blockly/wiki/Not",
    "LOGIC_NEGATE_TITLE": "non %1",
    "LOGIC_NEGATE_TOOLTIP": "Returnează adevărat dacă intrarea este falsă.  Returnează fals dacă intrarea este adevărată.",
    "LOGIC_BOOLEAN_HELPURL": "http://code.google.com/p/blockly/wiki/True_False",
    "LOGIC_BOOLEAN_TRUE": "adevărat",
    "LOGIC_BOOLEAN_FALSE": "fals",
    "LOGIC_BOOLEAN_TOOLTIP": "Returnează adevărat sau fals.",
    "LOGIC_NULL_HELPURL": "https://en.wikipedia.org/wiki/Nullable_type",
    "LOGIC_NULL": "nul",
    "LOGIC_NULL_TOOLTIP": "returnează nul.",
    "LOGIC_TERNARY_HELPURL": "https://en.wikipedia.org/wiki/%3F:",
    "LOGIC_TERNARY_CONDITION": "test",
    "LOGIC_TERNARY_IF_TRUE": "dacă este adevărat",
    "LOGIC_TERNARY_IF_FALSE": "dacă este fals",
    "LOGIC_TERNARY_TOOLTIP": "Verifică condiţia din \"test\". Dacă condiţia este adevărată, returnează valoarea \"în cazul în care adevărat\"; în caz contrar întoarce valoarea \"în cazul în care e fals\".",
    "MATH_NUMBER_HELPURL": "https://en.wikipedia.org/wiki/Number",
    "MATH_NUMBER_TOOLTIP": "Un număr.",
    "MATH_ADDITION_SYMBOL": "+",
    "MATH_SUBTRACTION_SYMBOL": "-",
    "MATH_DIVISION_SYMBOL": "÷",
    "MATH_MULTIPLICATION_SYMBOL": "×",
    "MATH_POWER_SYMBOL": "^",
    "MATH_TRIG_SIN": "sin",
    "MATH_TRIG_COS": "cos",
    "MATH_TRIG_TAN": "tg",
    "MATH_TRIG_ASIN": "arcsin",
    "MATH_TRIG_ACOS": "arccos",
    "MATH_TRIG_ATAN": "arctg",
    "MATH_ARITHMETIC_HELPURL": "https://ro.wikipedia.org/wiki/Aritmetic%C4%83",
    "MATH_ARITHMETIC_TOOLTIP_ADD": "Returnează suma a două numere.",
    "MATH_ARITHMETIC_TOOLTIP_MINUS": "Returneaza diferenţa dintre cele două numere.",
    "MATH_ARITHMETIC_TOOLTIP_MULTIPLY": "Returnează produsul celor două numere.",
    "MATH_ARITHMETIC_TOOLTIP_DIVIDE": "Returnează câtul celor două numere.",
    "MATH_ARITHMETIC_TOOLTIP_POWER": "Returneaza numărul rezultat prin ridicarea primului număr la puterea celui de-al doilea.",
    "MATH_SINGLE_HELPURL": "https://en.wikipedia.org/wiki/Square_root",
    "MATH_SINGLE_OP_ROOT": "rădăcina pătrată",
    "MATH_SINGLE_TOOLTIP_ROOT": "Returnează rădăcina pătrată a unui număr.",
    "MATH_SINGLE_OP_ABSOLUTE": "absolută",
    "MATH_SINGLE_TOOLTIP_ABS": "Returnează valoarea absolută a unui număr.",
    "MATH_SINGLE_TOOLTIP_NEG": "Returnează negaţia unui număr.",
    "MATH_SINGLE_TOOLTIP_LN": "Întoarce logaritmul natural al unui număr.",
    "MATH_SINGLE_TOOLTIP_LOG10": "Returnează logaritmul în baza 10 a unui număr.",
    "MATH_SINGLE_TOOLTIP_EXP": "Returnează e la puterea unui număr.",
    "MATH_SINGLE_TOOLTIP_POW10": "Returnează 10 la puterea unui număr.",
    "MATH_TRIG_HELPURL": "https://en.wikipedia.org/wiki/Trigonometric_functions",
    "MATH_TRIG_TOOLTIP_SIN": "Întoarce cosinusul unui grad (nu radianul).",
    "MATH_TRIG_TOOLTIP_COS": "Întoarce cosinusul unui grad (nu radianul).",
    "MATH_TRIG_TOOLTIP_TAN": "Întoarce tangenta unui grad (nu radianul).",
    "MATH_TRIG_TOOLTIP_ASIN": "Returnează arcsinusul unui număr.",
    "MATH_TRIG_TOOLTIP_ACOS": "Returnează arccosinusul unui număr.",
    "MATH_TRIG_TOOLTIP_ATAN": "Returnează arctangenta unui număr.",
    "MATH_CONSTANT_HELPURL": "https://ro.wikipedia.org/wiki/Constant%C4%83_matematic%C4%83",
    "MATH_CONSTANT_TOOLTIP": "Întoarcă una din constantele comune: π (3.141...), e (2.718...), φ (1,618...), sqrt(2) (1.414...), sqrt(½) (0.707...) sau ∞ (infinitate).",
    "MATH_IS_EVEN": "este par",
    "MATH_IS_ODD": "este impar",
    "MATH_IS_PRIME": "este prim",
    "MATH_IS_WHOLE": "este întreg",
    "MATH_IS_POSITIVE": "este pozitiv",
    "MATH_IS_NEGATIVE": "este negativ",
    "MATH_IS_DIVISIBLE_BY": "este divizibil cu",
    "MATH_IS_TOOLTIP": "Verifică dacă un număr este un par, impar, prim, întreg, pozitiv, negativ, sau dacă este divizibil cu un anumit număr.  Returnează true sau false.",
    "MATH_CHANGE_HELPURL": "https://en.wikipedia.org/wiki/Programming_idiom#Incrementing_a_counter",
    "MATH_CHANGE_TITLE_CHANGE": "schimbă",
    "MATH_CHANGE_INPUT_BY": "de",
    "MATH_CHANGE_TOOLTIP": "Adaugă un număr variabilei '%1'.",
    "MATH_ROUND_HELPURL": "https://en.wikipedia.org/wiki/Rounding",
    "MATH_ROUND_TOOLTIP": "Rotunjirea unui număr în sus sau în jos.",
    "MATH_ROUND_OPERATOR_ROUND": "rotund",
    "MATH_ROUND_OPERATOR_ROUNDUP": "rotunjește în sus",
    "MATH_ROUND_OPERATOR_ROUNDDOWN": "rotunjit",
    "MATH_ONLIST_OPERATOR_SUM": "suma listei",
    "MATH_ONLIST_TOOLTIP_SUM": "Returnează suma tuturor numerelor din lista.",
    "MATH_ONLIST_OPERATOR_MIN": "minimul listei",
    "MATH_ONLIST_TOOLTIP_MIN": "Returnează cel mai mic număr din listă.",
    "MATH_ONLIST_OPERATOR_MAX": "maximul listei",
    "MATH_ONLIST_TOOLTIP_MAX": "Întoarce cel mai mare număr din listă.",
    "MATH_ONLIST_OPERATOR_AVERAGE": "media listei",
    "MATH_ONLIST_TOOLTIP_AVERAGE": "Întoarce media (aritmetică) a valorilor numerice în listă.",
    "MATH_ONLIST_OPERATOR_MEDIAN": "media listei",
    "MATH_ONLIST_TOOLTIP_MEDIAN": "Întoarce numărul median în listă.",
    "MATH_ONLIST_OPERATOR_MODE": "moduri de listă",
    "MATH_ONLIST_TOOLTIP_MODE": "Returnează o listă cu cel(e) mai frecvent(e) element(e) din listă.",
    "MATH_ONLIST_OPERATOR_STD_DEV": "deviația standard a listei",
    "MATH_ONLIST_TOOLTIP_STD_DEV": "Întoarce deviația standard a listei.",
    "MATH_ONLIST_OPERATOR_RANDOM": "element aleatoriu din lista",
    "MATH_ONLIST_TOOLTIP_RANDOM": "Returnează un element aleatoriu din listă.",
    "MATH_MODULO_HELPURL": "https://en.wikipedia.org/wiki/Modulo_operation",
    "MATH_MODULO_TITLE": "restul la %1 ÷ %2",
    "MATH_MODULO_TOOLTIP": "Întoarce restul din împărţirea celor două numere.",
    "MATH_CONSTRAIN_HELPURL": "https://en.wikipedia.org/wiki/Clamping_%28graphics%29",
    "MATH_CONSTRAIN_TITLE": "constrânge %1 redus %2 ridicat %3",
    "MATH_CONSTRAIN_TOOLTIP": "Constrânge un număr să fie între limitele specificate (inclusiv).",
    "MATH_RANDOM_INT_HELPURL": "https://en.wikipedia.org/wiki/Random_number_generation",
    "MATH_RANDOM_INT_TITLE": "un număr întreg aleator de la %1 la %2",
    "MATH_RANDOM_INT_TOOLTIP": "Returnează un număr întreg aleator aflat între cele două limite specificate, inclusiv.",
    "MATH_RANDOM_FLOAT_HELPURL": "https://en.wikipedia.org/wiki/Random_number_generation",
    "MATH_RANDOM_FLOAT_TITLE_RANDOM": "fracții aleatorii",
    "MATH_RANDOM_FLOAT_TOOLTIP": "Returnează o fracţie aleatoare între 0.0 (inclusiv) si 1.0 (exclusiv).",
    "TEXT_TEXT_HELPURL": "https://en.wikipedia.org/wiki/String_(computer_science)",
    "TEXT_TEXT_TOOLTIP": "O literă, cuvânt sau linie de text.",
    "TEXT_JOIN_HELPURL": "https://code.google.com/p/blockly/wiki/Text#Text_creation",
    "TEXT_JOIN_TITLE_CREATEWITH": "crează text cu",
    "TEXT_JOIN_TOOLTIP": "Creaţi o bucată de text prin unirea oricărui număr de elemente.",
    "TEXT_CREATE_JOIN_TITLE_JOIN": "alăturaţi-vă",
    "TEXT_CREATE_JOIN_TOOLTIP": "Adaugă, elimină sau reordonează secțiuni ca să reconfigureze blocul text.",
    "TEXT_CREATE_JOIN_ITEM_TOOLTIP": "Adaugă un element în text.",
    "TEXT_APPEND_HELPURL": "https://code.google.com/p/blockly/wiki/Text#Text_modification",
    "TEXT_APPEND_TO": "la",
    "TEXT_APPEND_APPENDTEXT": "Adăugaţi text",
    "TEXT_APPEND_TOOLTIP": "Adăugaţi text la variabila '%1'.",
    "TEXT_LENGTH_HELPURL": "https://code.google.com/p/blockly/wiki/Text#Text_modification",
    "TEXT_LENGTH_TITLE": "lungime de %1",
    "TEXT_LENGTH_TOOLTIP": "Returnează numărul de litere (inclusiv spaţiile) în textul furnizat.",
    "TEXT_ISEMPTY_HELPURL": "https://code.google.com/p/blockly/wiki/Text#Checking_for_empty_text",
    "TEXT_ISEMPTY_TITLE": "%1 este gol",
    "TEXT_ISEMPTY_TOOLTIP": "Returnează adevărat dacă textul furnizat este gol.",
    "TEXT_INDEXOF_HELPURL": "https://code.google.com/p/blockly/wiki/Text#Finding_text",
    "TEXT_INDEXOF_TOOLTIP": "Returnează indicele primei/ultimei apariţii din primul text în al doilea text.  Returnează 0 dacă textul nu este găsit.",
    "TEXT_INDEXOF_INPUT_INTEXT": "în text",
    "TEXT_INDEXOF_OPERATOR_FIRST": "găseşte prima apariţie a textului",
    "TEXT_INDEXOF_OPERATOR_LAST": "găseşte ultima apariţie a textului",
    "TEXT_CHARAT_HELPURL": "https://code.google.com/p/blockly/wiki/Text#Extracting_text",
    "TEXT_CHARAT_INPUT_INTEXT": "în text",
    "TEXT_CHARAT_FROM_START": "obtine litera #",
    "TEXT_CHARAT_FROM_END": "obţine litera # de la sfârșit",
    "TEXT_CHARAT_FIRST": "obţine prima litera",
    "TEXT_CHARAT_LAST": "obţine o litera oarecare",
    "TEXT_CHARAT_RANDOM": "obtine o litera oarecare",
    "TEXT_CHARAT_TOOLTIP": "Returnează litera la poziția specificată.",
    "TEXT_GET_SUBSTRING_TOOLTIP": "Returnează o anumită parte din text.",
    "TEXT_GET_SUBSTRING_HELPURL": "http://code.google.com/p/blockly/wiki/Text#Extracting_a_region_of_text",
    "TEXT_GET_SUBSTRING_INPUT_IN_TEXT": "în text",
    "TEXT_GET_SUBSTRING_START_FROM_START": "obține subșir de la litera #",
    "TEXT_GET_SUBSTRING_START_FROM_END": "obține un subșir de la litera # de la sfârșit",
    "TEXT_GET_SUBSTRING_START_FIRST": "obţine un subșir de la prima literă",
    "TEXT_GET_SUBSTRING_END_FROM_START": "la litera #",
    "TEXT_GET_SUBSTRING_END_FROM_END": "la litera # de la sfarsit",
    "TEXT_GET_SUBSTRING_END_LAST": "la ultima literă",
    "TEXT_CHANGECASE_HELPURL": "https://code.google.com/p/blockly/wiki/Text#Adjusting_text_case",
    "TEXT_CHANGECASE_TOOLTIP": "Întoarce o copie a textului într-un caz diferit.",
    "TEXT_CHANGECASE_OPERATOR_UPPERCASE": "la MAJUSCULE",
    "TEXT_CHANGECASE_OPERATOR_LOWERCASE": "la litere mici",
    "TEXT_CHANGECASE_OPERATOR_TITLECASE": "către Titlul de caz",
    "TEXT_TRIM_HELPURL": "https://code.google.com/p/blockly/wiki/Text#Trimming_%28removing%29_spaces",
    "TEXT_TRIM_TOOLTIP": "Returnează o copie a textului fără spațiile de la unul sau ambele capete.",
    "TEXT_TRIM_OPERATOR_BOTH": "taie spațiile de pe ambele părți",
    "TEXT_TRIM_OPERATOR_LEFT": "tăiaţi spațiile din partea stângă",
    "TEXT_TRIM_OPERATOR_RIGHT": "taie spațiile din partea dreaptă",
    "TEXT_PRINT_HELPURL": "https://code.google.com/p/blockly/wiki/Text#Printing_text",
    "TEXT_PRINT_TITLE": "imprimare %1",
    "TEXT_PRINT_TOOLTIP": "Afișează textul specificat, numărul sau altă valoare.",
    "TEXT_PROMPT_HELPURL": "https://code.google.com/p/blockly/wiki/Text#Getting_input_from_the_user",
    "TEXT_PROMPT_TYPE_TEXT": "solicită pentru text cu mesaj",
    "TEXT_PROMPT_TYPE_NUMBER": "solicită pentru număr cu mesaj",
    "TEXT_PROMPT_TOOLTIP_NUMBER": "Solicită utilizatorul pentru un număr.",
    "TEXT_PROMPT_TOOLTIP_TEXT": "Solicită utilizatorul pentru text.",
    "LISTS_CREATE_EMPTY_HELPURL": "https://en.wikipedia.org/wiki/Linked_list#Empty_lists",
    "LISTS_CREATE_EMPTY_TITLE": "creează listă goală",
    "LISTS_CREATE_EMPTY_TOOLTIP": "Returnează o listă, de lungime 0, care nu conţine înregistrări de date",
    "LISTS_CREATE_WITH_TOOLTIP": "Creaţi o listă cu orice număr de elemente.",
    "LISTS_CREATE_WITH_INPUT_WITH": "creează listă cu",
    "LISTS_CREATE_WITH_CONTAINER_TITLE_ADD": "listă",
    "LISTS_CREATE_WITH_CONTAINER_TOOLTIP": "Adaugă, elimină sau reordonează secţiuni ca să reconfiguraţi aceste blocuri de listă.",
    "LISTS_CREATE_WITH_ITEM_TOOLTIP": "Adăugaţi un element la listă.",
    "LISTS_REPEAT_HELPURL": "https://code.google.com/p/blockly/wiki/Lists#create_list_with",
    "LISTS_REPEAT_TOOLTIP": "Creează o listă alcătuită dintr-o anumită valoare repetată de numărul specificat de ori.",
    "LISTS_REPEAT_TITLE": "creaza lista cu %1 elemente repetate de %2 ori",
    "LISTS_LENGTH_HELPURL": "https://code.google.com/p/blockly/wiki/Lists#length_of",
    "LISTS_LENGTH_TITLE": "lungime de %1",
    "LISTS_LENGTH_TOOLTIP": "Returnează lungimea unei liste.",
    "LISTS_IS_EMPTY_HELPURL": "https://code.google.com/p/blockly/wiki/Lists#is_empty",
    "LISTS_IS_EMPTY_TITLE": "%1 este gol",
    "LISTS_TOOLTIP": "Returnează adevărat dacă lista este goală.",
    "LISTS_INLIST": "în listă",
    "LISTS_INDEX_OF_HELPURL": "https://code.google.com/p/blockly/wiki/Lists#Getting_Items_from_a_List",
    "LISTS_INDEX_OF_FIRST": "Găseşte prima apariţie a elementului",
    "LISTS_INDEX_OF_LAST": "găseşte ultima apariţie a elementului",
    "LISTS_INDEX_OF_TOOLTIP": "Returneaza indexul de la prima/ultima aparitie a elementuli din lista. Returneaza 0 daca textul nu este gasit.",
    "LISTS_GET_INDEX_GET": "obţine",
    "LISTS_GET_INDEX_GET_REMOVE": "obţine şi elimină",
    "LISTS_GET_INDEX_REMOVE": "elimină",
    "LISTS_GET_INDEX_FROM_START": "#",
    "LISTS_GET_INDEX_FROM_END": "# de la sfârșit",
    "LISTS_GET_INDEX_FIRST": "primul",
    "LISTS_GET_INDEX_LAST": "ultimul",
    "LISTS_GET_INDEX_RANDOM": "aleator",
    "LISTS_GET_INDEX_TOOLTIP_GET_FROM_START": "Returneaza elementul la poziţia specificată într-o listă.  #1 este primul element.",
    "LISTS_GET_INDEX_TOOLTIP_GET_FROM_END": "Returneaza elementul la poziţia specificată într-o listă.  #1 este ultimul element.",
    "LISTS_GET_INDEX_TOOLTIP_GET_FIRST": "Returnează primul element dintr-o listă.",
    "LISTS_GET_INDEX_TOOLTIP_GET_LAST": "Returnează ultimul element într-o listă.",
    "LISTS_GET_INDEX_TOOLTIP_GET_RANDOM": "Returneaza un element aleatoriu într-o listă.",
    "LISTS_GET_INDEX_TOOLTIP_GET_REMOVE_FROM_START": "Elimină şi returneaza elementul la poziţia specificată într-o listă.  #1 este primul element.",
    "LISTS_GET_INDEX_TOOLTIP_GET_REMOVE_FROM_END": "Elimină şi returneaza elementul la poziţia specificată într-o listă.  #1 este ultimul element.",
    "LISTS_GET_INDEX_TOOLTIP_GET_REMOVE_FIRST": "Elimină şi returnează primul element într-o listă.",
    "LISTS_GET_INDEX_TOOLTIP_GET_REMOVE_LAST": "Elimină şi returnează ultimul element într-o listă.",
    "LISTS_GET_INDEX_TOOLTIP_GET_REMOVE_RANDOM": "Elimină şi returnează un element aleatoriu într-o listă.",
    "LISTS_GET_INDEX_TOOLTIP_REMOVE_FROM_START": "Elimină elementul la poziţia specificată într-o listă.  #1 este primul element.",
    "LISTS_GET_INDEX_TOOLTIP_REMOVE_FROM_END": "Elimină elementul la poziţia specificată într-o listă.  #1 este ultimul element.",
    "LISTS_GET_INDEX_TOOLTIP_REMOVE_FIRST": "Elimină primul element într-o listă.",
    "LISTS_GET_INDEX_TOOLTIP_REMOVE_LAST": "Elimină ultimul element într-o listă.",
    "LISTS_GET_INDEX_TOOLTIP_REMOVE_RANDOM": "Elimină un element aleatoriu într-o listă.",
    "LISTS_SET_INDEX_HELPURL": "https://code.google.com/p/blockly/wiki/Lists#in_list_..._set",
    "LISTS_SET_INDEX_SET": "seteaza",
    "LISTS_SET_INDEX_INSERT": "introduceţi la",
    "LISTS_SET_INDEX_INPUT_TO": "ca",
    "LISTS_SET_INDEX_TOOLTIP_SET_FROM_START": "Setează elementul la poziţia specificată într-o listă.  #1 este primul element.",
    "LISTS_SET_INDEX_TOOLTIP_SET_FROM_END": "Setează elementul la poziţia specificată într-o listă.  #1 este ultimul element.",
    "LISTS_SET_INDEX_TOOLTIP_SET_FIRST": "Setează primul element într-o listă.",
    "LISTS_SET_INDEX_TOOLTIP_SET_LAST": "Setează ultimul element într-o listă.",
    "LISTS_SET_INDEX_TOOLTIP_SET_RANDOM": "Setează un element aleator într-o listă.",
    "LISTS_SET_INDEX_TOOLTIP_INSERT_FROM_START": "Inserează elementul la poziţia specificată într-o listă.  #1 este primul element.",
    "LISTS_SET_INDEX_TOOLTIP_INSERT_FROM_END": "Inserează elementul la poziţia specificată într-o listă.  #1 este ultimul element.",
    "LISTS_SET_INDEX_TOOLTIP_INSERT_FIRST": "Inserează elementul la începutul unei liste.",
    "LISTS_SET_INDEX_TOOLTIP_INSERT_LAST": "Adăugă elementul la sfârşitul unei liste.",
    "LISTS_SET_INDEX_TOOLTIP_INSERT_RANDOM": "Inserează elementul aleatoriu într-o listă.",
    "LISTS_GET_SUBLIST_HELPURL": "https://code.google.com/p/blockly/wiki/Lists#Getting_a_sublist",
    "LISTS_GET_SUBLIST_START_FROM_START": "obţine sub-lista de la #",
    "LISTS_GET_SUBLIST_START_FROM_END": "obţine sub-lista de la # de la sfârşitul",
    "LISTS_GET_SUBLIST_START_FIRST": "obţine sub-lista de la primul",
    "LISTS_GET_SUBLIST_END_FROM_START": "la #",
    "LISTS_GET_SUBLIST_END_FROM_END": "la # de la sfarsit",
    "LISTS_GET_SUBLIST_END_LAST": "la ultima",
    "LISTS_GET_SUBLIST_TOOLTIP": "Creează o copie a porţiunii specificate dintr-o listă.",
    "VARIABLES_GET_HELPURL": "http://code.google.com/p/blockly/wiki/Variables#Get",
    "VARIABLES_GET_TOOLTIP": "Returnează valoarea acestei variabile.",
    "VARIABLES_GET_CREATE_SET": "Crează 'set %1'",
    "VARIABLES_SET_HELPURL": "http://code.google.com/p/blockly/wiki/Variables#Set",
    "VARIABLES_SET_TITLE": "seteaza",
    "VARIABLES_SET_TAIL": "la",
    "VARIABLES_SET_TOOLTIP": "Setează această variabilă sa fie egală la intrare.",
    "VARIABLES_SET_CREATE_GET": "Crează 'get %1'",
    "PROCEDURES_DEFNORETURN_HELPURL": "https://en.wikipedia.org/wiki/Procedure_%28computer_science%29",
    "PROCEDURES_DEFNORETURN_TITLE": "la",
    "PROCEDURES_DEFNORETURN_PROCEDURE": "fă ceva",
    "PROCEDURES_BEFORE_PARAMS": "cu:",
    "PROCEDURES_DEFNORETURN_TOOLTIP": "Crează o funcţie cu nici o ieşire.",
    "PROCEDURES_DEFRETURN_HELPURL": "https://en.wikipedia.org/wiki/Procedure_%28computer_science%29",
    "PROCEDURES_DEFRETURN_RETURN": "returnează",
    "PROCEDURES_DEFRETURN_TOOLTIP": "Creează o funcţie cu o ieşire.",
    "PROCEDURES_DEF_DUPLICATE_WARNING": "Atenţie: Această funcţie are parametri duplicaţi.",
    "PROCEDURES_CALLNORETURN_HELPURL": "https://en.wikipedia.org/wiki/Procedure_%28computer_science%29",
    "PROCEDURES_CALLNORETURN_TOOLTIP": "Executați funcția '%1 'definită de utilizator.",
    "PROCEDURES_CALLRETURN_HELPURL": "https://en.wikipedia.org/wiki/Procedure_%28computer_science%29",
    "PROCEDURES_CALLRETURN_TOOLTIP": "Executați funcția '%1 'definită de utilizator şi folosiţi producţia sa.",
    "PROCEDURES_MUTATORCONTAINER_TITLE": "intrări",
    "PROCEDURES_MUTATORARG_TITLE": "nume de intrare:",
    "PROCEDURES_HIGHLIGHT_DEF": "Evidenţiază definiţia funcţiei",
    "PROCEDURES_CREATE_DO": "Creaţi '%1'",
    "PROCEDURES_IFRETURN_TOOLTIP": "Dacă o valoare este adevărată, atunci returnează valoarea a doua.",
    "PROCEDURES_IFRETURN_WARNING": "Avertisment: Acest bloc poate fi utilizat numai în definiţia unei funcţii."
}
