{
    "@metadata": {
        "author": "Neil Fraser <fraser@google.com>",
        "lastupdated": "2014-03-24 23:00:00.000000",
        "locale": "tlh",
        "messagedocumentation" : "qqq"
    },
    "VARIABLES_DEFAULT_NAME": "Doch",
    "DUPLICATE_BLOCK": "velqa' chenmoH",
    "ADD_COMMENT": "QInHom chel",
    "REMOVE_COMMENT": "QInHom chelHa'",
    "EXTERNAL_INPUTS": "Hur rar",
    "INLINE_INPUTS": "qoD rar",
    "DELETE_BLOCK": "ngogh Qaw'",
    "DELETE_X_BLOCKS": "%1 ngoghmey Qaw'",
    "COLLAPSE_BLOCK": "ngogh DejmoH",
    "COLLAPSE_ALL": "ngoghmey DejmoH",
    "EXPAND_BLOCK": "ngogh DejHa'moH",
    "EXPAND_ALL": "ngoghmey DejHa'moH",
    "DISABLE_BLOCK": "ngogh Qotlh",
    "ENABLE_BLOCK": "ngogh QotlhHa'",
    "HELP": "QaH",
    "CHAT": "beqpu'lI'vaD bIjawmeH naDev yIrI'!",
    "AUTH": "ngogh nablIj DapollaHmeH qoj latlhvaD DangeHlaHmeH chaw' yInob.",
    "CHANGE_VALUE_TITLE": "choH:",
    "NEW_VARIABLE": "lIw chu'...",
    "NEW_VARIABLE_TITLE": "lIw chu' pong:",
    "RENAME_VARIABLE": "lIw pong choH...",
    "RENAME_VARIABLE_TITLE": "Hoch \"%1\" lIwmey pongmey choH:",
    "COLOUR_RANDOM_TITLE": "rItlh vISaHbe'",
    "COLOUR_RGB_TITLE": "rItlh wIv",
    "COLOUR_RGB_RED": "'Iw rItlh",
    "COLOUR_RGB_GREEN": "tI rItlh",
    "COLOUR_RGB_BLUE": "chal rItlh",
    "COLOUR_BLEND_TITLE": "DuD",
    "COLOUR_BLEND_COLOUR1": "rItlh wa'",
    "COLOUR_BLEND_COLOUR2": "rItlh cha'",
    "COLOUR_BLEND_RATIO": "'ar",
    "CONTROLS_REPEAT_TITLE": "%1-logh qaSmoH",
    "CONTROLS_REPEAT_TITLE_REPEAT": "",
    "CONTROLS_REPEAT_TITLE_TIMES": "-logh qaSmoH",
    "CONTROLS_REPEAT_INPUT_DO": "ruch",
    "CONTROLS_WHILEUNTIL_OPERATOR_WHILE": "teHtaHvIS qaSmoH",
    "CONTROLS_WHILEUNTIL_OPERATOR_UNTIL": "teHpa' qaSmoH",
    "CONTROLS_FOR_INPUT_WITH": "togh",
    "CONTROLS_FOR_INPUT_FROM_TO_BY": "mung %1 ghoch %2 Do %3",
    "CONTROLS_FOREACH_INPUT_ITEM": "ngIq Doch",
    "CONTROLS_FOREACH_INPUT_INLIST": "ngaSbogh tetlh",
    "CONTROLS_FOREACH_INPUT_INLIST_TAIL": "nuDDI'",
    "CONTROLS_FLOW_STATEMENTS_OPERATOR_BREAK": "gho Haw'",
    "CONTROLS_FLOW_STATEMENTS_OPERATOR_CONTINUE": "gho taHqa'",
    "CONTROLS_FLOW_STATEMENTS_WARNING": "yIqIm! ghoDaq neH ngoghvam lo'laH vay'.",
    "CONTROLS_IF_MSG_IF": "teHchugh",
    "CONTROLS_IF_MSG_ELSEIF": "pagh teHchugh",
    "CONTROLS_IF_MSG_ELSE": "pagh",
    "LOGIC_OPERATION_AND": "'ej",
    "LOGIC_OPERATION_OR": "qoj",
    "LOGIC_NEGATE_TITLE": "yoymoH %1",
    "LOGIC_BOOLEAN_TRUE": "teH",
    "LOGIC_BOOLEAN_FALSE": "teHbe'",
    "LOGIC_NULL": "paghna'",
    "LOGIC_TERNARY_CONDITION": "chov",
    "LOGIC_TERNARY_IF_TRUE": "teHchugh",
    "LOGIC_TERNARY_IF_FALSE": "teHbe'chugh",
    "MATH_ADDITION_SYMBOL": "+",
    "MATH_SUBTRACTION_SYMBOL": "-",
    "MATH_DIVISION_SYMBOL": "÷",
    "MATH_MULTIPLICATION_SYMBOL": "×",
    "MATH_POWER_SYMBOL": "^",
    "MATH_TRIG_SIN": "sin",
    "MATH_TRIG_COS": "cos",
    "MATH_TRIG_TAN": "tan",
    "MATH_TRIG_ASIN": "asin",
    "MATH_TRIG_ACOS": "acos",
    "MATH_TRIG_ATAN": "atan",
    "MATH_SINGLE_OP_ROOT": "cha'DIch wav",
    "MATH_SINGLE_OP_ABSOLUTE": "Dung pagh choH",
    "MATH_IS_EVEN": "lang'a' mI'",
    "MATH_IS_ODD": "ror'a' mI'",
    "MATH_IS_PRIME": "potlh'a' mI'",
    "MATH_IS_WHOLE": "ngoHlaHbe''a'",
    "MATH_IS_POSITIVE": "Dung pagh",
    "MATH_IS_NEGATIVE": "bIng pagh",
    "MATH_IS_DIVISIBLE_BY": "wav'a'",
    "MATH_CHANGE_TITLE_CHANGE": "choH",
    "MATH_CHANGE_INPUT_BY": "chel",
    "MATH_ROUND_OPERATOR_ROUND": "ngoH",
    "MATH_ROUND_OPERATOR_ROUNDUP": "Dung ngoH",
    "MATH_ROUND_OPERATOR_ROUNDDOWN": "bIng ngoH",
    "MATH_ONLIST_OPERATOR_SUM": "chelwI' SIm tetlh",
    "MATH_ONLIST_OPERATOR_MIN": "machwI''a' SIm tetlh",
    "MATH_ONLIST_OPERATOR_MAX": "tInwI''a' SIm tetlh",
    "MATH_ONLIST_OPERATOR_AVERAGE": "beQwI' SIm tetlh",
    "MATH_ONLIST_OPERATOR_MEDIAN": "beQwI'botlh SIm tetlh",
    "MATH_ONLIST_OPERATOR_MODE": "beQwI' motlh SIm tetlh",
    "MATH_ONLIST_OPERATOR_STD_DEV": "motlhbe'wI' SIm tetlh",
    "MATH_ONLIST_OPERATOR_RANDOM": "SaHbe' SIm tetlh",
    "MATH_MODULO_TITLE": "ratlwI' SIm %1 ÷ %2",
    "MATH_CONSTRAIN_TITLE": "jon %1 bIng %2 Dung %3",
    "MATH_RANDOM_INT_TITLE": "ngoH mI'SaHbe' bIng %1 Dung %2",
    "MATH_RANDOM_FLOAT_TITLE_RANDOM": "mI'HomSaHbe'",
    "TEXT_JOIN_TITLE_CREATEWITH": "ghItlh ghom",
    "TEXT_CREATE_JOIN_TITLE_JOIN": "ghom",
    "TEXT_APPEND_TO": "chel",
    "TEXT_APPEND_APPENDTEXT": "ghItlh",
    "TEXT_LENGTH_TITLE": "chuq %1",
    "TEXT_ISEMPTY_TITLE": "%1 chIm'a'",
    "TEXT_INDEXOF_INPUT_INTEXT": "ghItlhDaq",
    "TEXT_INDEXOF_OPERATOR_FIRST": "ghItlh wa'DIch Sam",
    "TEXT_INDEXOF_OPERATOR_LAST": "ghItlh Qav Sam",
    "TEXT_INDEXOF_TAIL": "",
    "TEXT_CHARAT_INPUT_INTEXT": "ghItlhDaq",
    "TEXT_CHARAT_FROM_START": "mu'Hom #",
    "TEXT_CHARAT_FROM_END": "mu'Hom # Qav",
    "TEXT_CHARAT_FIRST": "mu'Hom wa'DIch",
    "TEXT_CHARAT_LAST": "mu'Hom Qav",
    "TEXT_CHARAT_RANDOM": "mu'Hom SaHbe'",
    "TEXT_CHARAT_TAIL": "Suq",
    "TEXT_GET_SUBSTRING_INPUT_IN_TEXT": "ghItlhDaq",
    "TEXT_GET_SUBSTRING_START_FROM_START": "ghItlhHom moHaq mu'Hom #",
    "TEXT_GET_SUBSTRING_START_FROM_END": "ghItlhHom moHaq mu'Hom # Qav",
    "TEXT_GET_SUBSTRING_START_FIRST": "ghItlhHom moHaq mu'Hom wa'DIch",
    "TEXT_GET_SUBSTRING_END_FROM_START": "mojaq mu'Hom #",
    "TEXT_GET_SUBSTRING_END_FROM_END": "mojaq mu'Hom # Qav",
    "TEXT_GET_SUBSTRING_END_LAST": "mojaq mu'Hom Qav",
    "TEXT_GET_SUBSTRING_TAIL": "Suq",
    "TEXT_CHANGECASE_OPERATOR_UPPERCASE": "tInchoH",
    "TEXT_CHANGECASE_OPERATOR_LOWERCASE": "machchoH",
    "TEXT_CHANGECASE_OPERATOR_TITLECASE": "DojchoH",
    "TEXT_TRIM_OPERATOR_BOTH": "poSnIHlogh pei",
    "TEXT_TRIM_OPERATOR_LEFT": "poSlogh pei",
    "TEXT_TRIM_OPERATOR_RIGHT": "nIHlogh pei",
    "TEXT_PRINT_TITLE": "maq %1",
    "TEXT_PROMPT_TYPE_TEXT": "ghItln tlhob 'ej maq",
    "TEXT_PROMPT_TYPE_NUMBER": "mI' tlhob 'ej maq",
    "LISTS_CREATE_EMPTY_TITLE": "tetlh chIm",
    "LISTS_CREATE_WITH_INPUT_WITH": "tetlh ghom",
    "LISTS_CREATE_WITH_CONTAINER_TITLE_ADD": "tetlh",
    "LISTS_REPEAT_TITLE": "tetlh ghom %2 Dochmey %1 pus",
    "LISTS_LENGTH_TITLE": "chuq %1",
    "LISTS_IS_EMPTY_TITLE": "%1 chIm'a'",
    "LISTS_INLIST": "tetlhDaq",
    "LISTS_INDEX_OF_FIRST": "Doch sam wa'DIch",
    "LISTS_INDEX_OF_LAST": "Doch sam Qav",
    "LISTS_GET_INDEX_GET": "Suq",
    "LISTS_GET_INDEX_GET_REMOVE": "Suq vaj pej",
    "LISTS_GET_INDEX_REMOVE": "pej",
    "LISTS_GET_INDEX_FROM_START": "#",
    "LISTS_GET_INDEX_FROM_END": "# Qav",
    "LISTS_GET_INDEX_FIRST": "wa'DIch",
    "LISTS_GET_INDEX_LAST": "Qav",
    "LISTS_GET_INDEX_RANDOM": "Sahbe'",
    "LISTS_GET_INDEX_TAIL": "",
    "LISTS_SET_INDEX_SET": "choH",
    "LISTS_SET_INDEX_INSERT": "lIH",
    "LISTS_SET_INDEX_INPUT_TO": "Dos",
    "LISTS_GET_SUBLIST_START_FROM_START": "tetlhHom moHaq #",
    "LISTS_GET_SUBLIST_START_FROM_END": "tetlhHom moHaq # Qav",
    "LISTS_GET_SUBLIST_START_FIRST": "tetlhHom moHaq wa'DIch",
    "LISTS_GET_SUBLIST_END_FROM_START": "mojaQ #",
    "LISTS_GET_SUBLIST_END_FROM_END": "mojaQ # Qav",
    "LISTS_GET_SUBLIST_END_LAST": "mojaQ Qav",
    "LISTS_GET_SUBLIST_TAIL": "Suq",
    "ORDINAL_NUMBER_SUFFIX": "",
    "VARIABLES_GET_TITLE": "",
    "VARIABLES_GET_TAIL": "",
    "VARIABLES_GET_CREATE_SET": "chel 'choH %1'",
    "VARIABLES_SET_TITLE": "choH",
    "VARIABLES_SET_TAIL": "",
    "VARIABLES_SET_CREATE_GET": "chel 'Suq %1'",
    "PROCEDURES_DEFNORETURN_TITLE": "ruch",
    "PROCEDURES_DEFNORETURN_PROCEDURE": "mIw",
    "PROCEDURES_BEFORE_PARAMS": "qel:",
    "PROCEDURES_DEFNORETURN_DO": "",
    "PROCEDURES_DEFRETURN_RETURN": "chegh",
    "PROCEDURES_DEF_DUPLICATE_WARNING": "ghuHmoHna': qelwI' cha'logh chen.",
    "PROCEDURES_CALLNORETURN_CALL": "",
    "PROCEDURES_MUTATORCONTAINER_TITLE": "qelwI'mey",
    "PROCEDURES_MUTATORARG_TITLE": "pong:",
    "PROCEDURES_HIGHLIGHT_DEF": "mIwna' wew",
    "PROCEDURES_CREATE_DO": "chel '%1'",
    "PROCEDURES_IFRETURN_WARNING": "ghoHmoHna': ngoghvam ngaSbe' mIwDaq."
}
