<!-- Icon set configuration for openHAB  -->
<iconset>
    <!-- Short name of this icon set -->
    <name>Standard</name>
    <!-- Full label presented to the user -->
    <description>Standard openHAB icons</description>
    <!-- Size -->
    <height></height>
    <width></width>
    <!-- Author -->
    <author></author>
    <!-- License information -->
    <license></license>

    <!-- Icon list-->
    <icons>
        <icon>
            <menuicon>bath.png</menuicon>
            <name>bath</name>
            <label>Bath</label>
            <description></description>
        </icon>
        <icon>
            <menuicon>bedroom.png</menuicon>
            <name>bedroom</name>
            <label>Bedroom</label>
            <description></description>
        </icon>
        <icon>
            <menuicon>bluetooth.png</menuicon>
            <name>bluetooth</name>
            <label>Bluetooth</label>
            <description></description>
        </icon>
        <icon>
            <menuicon>cistern.png</menuicon>
            <name>cistern</name>
            <label>Cistern</label>
            <description></description>
        </icon>
        <icon>
            <menuicon>cellar.png</menuicon>
            <name>bath</name>
            <label>Cellar</label>
            <description></description>
        </icon>
        <icon>
            <menuicon>chart.png</menuicon>
            <name>chart</name>
            <label>Chart</label>
            <description></description>
        </icon>
        <icon>
            <menuicon>climate.png</menuicon>
            <name>climate</name>
            <label>Climate</label>
            <description></description>
        </icon>
        <icon>
            <menuicon>clock.png</menuicon>
            <name>clock</name>
            <label>Clock</label>
            <description></description>
        </icon>
        <icon>
            <menuicon>colorwheel.png</menuicon>
            <name>colorwheel</name>
            <label>Colorwheel</label>
            <description></description>
        </icon>
        <icon>
            <menuicon>contact.png</menuicon>
            <name>contact</name>
            <label>Contact</label>
            <description></description>
        </icon>
        <icon>
            <menuicon>energy.png</menuicon>
            <name>energy</name>
            <label>Energy</label>
            <description></description>
        </icon>
        <icon>
            <menuicon>fire.png</menuicon>
            <name>fire</name>
            <label>Fire</label>
            <description></description>
        </icon>
        <icon>
            <menuicon>firstfloor.png</menuicon>
            <name>firstfloor</name>
            <label>Firstfloor</label>
            <description></description>
        </icon>
        <icon>
            <menuicon>frontdoor-closed.png</menuicon>
            <name>frontdoor</name>
            <label>Door sensor</label>
            <description></description>
        </icon>
        <icon>
            <menuicon>garage.png</menuicon>
            <name>garage</name>
            <label>Garage</label>
            <description></description>
        </icon>
        <icon>
            <menuicon>garagedoor.png</menuicon>
            <name>garagedoor</name>
            <label>Garage Door</label>
            <description></description>
        </icon>
        <icon>
            <menuicon>garden.png</menuicon>
            <name>garden</name>
            <label>Garden</label>
            <description></description>
        </icon>
        <icon>
            <menuicon>grass.png</menuicon>
            <name>grass</name>
            <label>Grass</label>
            <description></description>
        </icon>
        <icon>
            <menuicon>groundfloor.png</menuicon>
            <name>groundfloor</name>
            <label>Groundfloor</label>
            <description></description>
        </icon>
        <icon>
            <menuicon>heating.png</menuicon>
            <name>heating</name>
            <label>Heating</label>
            <description></description>
        </icon>
        <icon>
            <menuicon>house.png</menuicon>
            <name>house</name>
            <label>House</label>
            <description></description>
        </icon>
        <icon>
            <menuicon>keyring.png</menuicon>
            <name>keyring</name>
            <label>Keyring</label>
            <description></description>
        </icon>
        <icon>
            <menuicon>kitchen.png</menuicon>
            <name>kitchen</name>
            <label>Kitchen</label>
            <description></description>
        </icon>
        <icon>
            <menuicon>light-on.png</menuicon>
            <name>light</name>
            <label>Light</label>
            <description></description>
        </icon>
        <icon>
            <menuicon>lock.png</menuicon>
            <name>lock</name>
            <label>Lock</label>
            <description></description>
        </icon>
        <icon>
            <menuicon>network.png</menuicon>
            <name>network</name>
            <label>Network</label>
            <description></description>
        </icon>
        <icon>
            <menuicon>office.png</menuicon>
            <name>office</name>
            <label>Office</label>
            <description></description>
        </icon>
        <icon>
            <menuicon>outdoorlight.png</menuicon>
            <name>outdoorlight</name>
            <label>Outdoor Light</label>
            <description></description>
        </icon>
        <icon>
            <menuicon>parents.png</menuicon>
            <name>parents</name>
            <label>Parents</label>
            <description></description>
        </icon>
        <icon>
            <menuicon>pie.png</menuicon>
            <name>pie</name>
            <label>Pie Chart</label>
            <description></description>
        </icon>
        <icon>
            <menuicon>present.png</menuicon>
            <name>present</name>
            <label>Present</label>
            <description></description>
        </icon>
        <icon>
            <menuicon>rollershutter.png</menuicon>
            <name>rollershutter</name>
            <label>Rollershutter</label>
            <description></description>
        </icon>
        <icon>
            <menuicon>sewerage.png</menuicon>
            <name>sewerage</name>
            <label>Sewerage</label>
            <description></description>
        </icon>
        <icon>
            <menuicon>shield.png</menuicon>
            <name>shield</name>
            <label>Shield</label>
            <description></description>
        </icon>
        <icon>
            <menuicon>siren.png</menuicon>
            <name>siren</name>
            <label>Siren</label>
            <description></description>
        </icon>
        <icon>
            <menuicon>slider.png</menuicon>
            <name>slider</name>
            <label>Slider</label>
            <description></description>
        </icon>
        <icon>
            <menuicon>socket.png</menuicon>
            <name>socket</name>
            <label>Socket</label>
            <description></description>
        </icon>
        <icon>
            <menuicon>sofa.png</menuicon>
            <name>sofa</name>
            <label>Sofa</label>
            <description></description>
        </icon>
        <icon>
            <menuicon>sun.png</menuicon>
            <name>sun</name>
            <label>Sun</label>
            <description></description>
        </icon>
        <icon>
            <menuicon>sun_clouds.png</menuicon>
            <name>sun_clouds</name>
            <label>Sun/Cloudy</label>
            <description></description>
        </icon>
        <icon>
            <menuicon>switch.png</menuicon>
            <name>switch</name>
            <label>Switch</label>
            <description></description>
        </icon>
        <icon>
            <menuicon>temperature.png</menuicon>
            <name>temperature</name>
            <label>Temperature</label>
            <description></description>
        </icon>
        <icon>
            <menuicon>terrace.png</menuicon>
            <name>terrace</name>
            <label>Terrace</label>
            <description></description>
        </icon>
        <icon>
            <menuicon>video.png</menuicon>
            <name>video</name>
            <label>Video</label>
            <description></description>
        </icon>
        <icon>
            <menuicon>wardrobe.png</menuicon>
            <name>wardrobe</name>
            <label>Wardrobe</label>
            <description></description>
        </icon>
        <icon>
            <menuicon>wind.png</menuicon>
            <name>wind</name>
            <label>Wind</label>
            <description></description>
        </icon>
    </icons>
</iconset>





