<!-- Binding configuration for the OWServer binding in openHAB -->
<binding>
	<!-- Full name presented to the user -->
	<name>OWServer - EDS One Wire Server</name>
	<!-- PID name used within the OSGi layer -->
	<pid>owserver</pid>
	<!-- Binding type: protocol, ui -->
	<type>protocol</type>
	<!-- Author -->
	<author>Chris Jackson</author>
	<!-- Current version of the binding to which the file is applicable -->
	<version>1.3.0</version>
	<!-- Minimum version of openHAB required to run this binding -->
	<oh_version>1.3.0</oh_version>

    <!-- Binding configuration settings -->
    <binding.config>
        <config.setting>
            <name>cache</name>
            <label>Cache Timeout</label>
            <description>Sets the cache timeout in milliseconds.</description>
            <optional>true</optional>
            <defaultvalue>5000</defaultvalue>
            <minimum>250</minimum>
            <maximum>20000</maximum>
            <values></values>
        </config.setting>
        <config.setting>
            <name>timeout</name>
            <label>Request Timeout</label>
            <description>Sets the number of milliseconds that the binding will wait for a response.</description>
            <optional>true</optional>
            <defaultvalue>5000</defaultvalue>
            <minimum>500</minimum>
            <maximum>10000</maximum>
            <values></values>
        </config.setting>
        <config.setting>
            <name>granularity</name>
            <label>Granularity</label>
            <description>Set the time between each of the OWServer item update checks (in milliseconds).</description>
            <optional>true</optional>
            <defaultvalue>1000</defaultvalue>
            <minimum>100</minimum>
            <maximum>10000</maximum>
            <values></values>
        </config.setting>
    </binding.config>

    <!-- The following lines specify the communications interface settings. These may be repeated multiple times -->
    <binding.interface>
        <interface.setting>
            <name>host</name>
            <label>IP Address</label>
            <description>Set the IP address of the OW Server.</description>
            <optional>false</optional>
            <defaultvalue></defaultvalue>
            <minimum></minimum>
            <maximum></maximum>
            <values></values>
        </interface.setting>
        <interface.setting>
            <name>port</name>
            <label>IP Port</label>
            <description>Set the IP Port number of the OW Server.</description>
            <optional>true</optional>
            <defaultvalue>80</defaultvalue>
            <minimum>1</minimum>
            <maximum>65535</maximum>
            <values></values>
        </interface.setting>
    </binding.interface>

    <!-- Item binding configuration -->
    <binding.items>
        <binding.io>
            <type>Input</type>
            <description></description>
            <parameters>
                <parameter>
                    <name>interface</name>
                    <label>Communications Interface</label>
                    <description>Set the symbolic name of the communication interface.</description>
                    <optional>false</optional>
                    <defaultvalue></defaultvalue>
                    <minimum></minimum>
                    <maximum></maximum>
                    <values></values>
                </parameter>
                <parameter>
                    <name>romid</name>
                    <label>ROM ID</label>
                    <description>Set the ROM ID of the One Wire device.</description>
                    <optional>false</optional>
                    <defaultvalue></defaultvalue>
                    <minimum></minimum>
                    <maximum></maximum>
                    <values></values>
                </parameter>
                <parameter>
                    <name>parameter</name>
                    <label>Parameter Name</label>
                    <description>Sets the Parameter Name from the One Wire device.</description>
                    <optional>false</optional>
                    <defaultvalue></defaultvalue>
                    <minimum></minimum>
                    <maximum></maximum>
                    <values></values>
                </parameter>
                <parameter>
                    <name>Polling period</name>
                    <description>Sets polling period (in milliseconds between each request.</description>
                    <optional>false</optional>
                    <defaultvalue>5000</defaultvalue>
                    <minimum></minimum>
                    <maximum></maximum>
                    <values></values>
                </parameter>
            </parameters>
        </binding.io>
    </binding.items>
</binding>
